Variable,Mean,SD,Min,Max
Margin,1.4719979630788635,0.4742351240065467,0.217509516041326,2.32083574452532
shareIn,0.02564102564102565,0.055050456943864526,7.1677042604809e-4,0.229570237000668
rate_deposits,2.2189742819832787,0.4582289011130085,1.10140524116977,2.75603946920721
